id;vader_neg;vader_neu;vader_pos;vader_compound;roberta_neg;roberta_neu;roberta_pos;review_id;review_title;review_date;review_rating;review_content;review_location;sentiment_roberta;sentiment_vader;sentiment_textblob;rating_sentiment
65aed6b600af4883acaf8caf;0.02;0.879;0.102;0.9091;0.04250581935048103;0.2603031098842621;0.697191059589386;65aed6b600af4883acaf8caf;TIG (WIG) welder, model S-WIGMA 200PDC;2024-01-22;5;I ordered a TIG (WIG) / MMA welder, model S-WIGMA 200PDC.1. Shipment to Austria was very quick, tracking and delivery by GLS perfect2. The Welding DeviceFirst welding tests with stick electrodes (MMA) were fine, ignition, arc stable.I measured the current with a Fluke clamp on meter and checked the deviation. At 100 and 110 Ampere the measured current was almost exactly the adjusted one.At lower current like 50 and 55 Ampere the measured current was slightly lower (~ 3 Amps).I think that's pretty good for such a nonprofessional device.No tests with TIG (WIG) welding so far, but planned for near future...3. Customer supportI had a few questions - prompt response, polite.But one thing I have to mention:An answer to a specific question was not correct:They said the plug has a 13 mm socket. After I received the device, I measured and it turned out it is a 9mm socket.Summary: a nice welder with advanced features and adjustments like pulse frequency, Hot start, Arc Force, etc. for a reasonable price.;AT;Positive;Positive;Positive;Positive
65a68b82126d92f1f9a4d330;0.0;0.552;0.448;0.9299;0.006275746505707502;0.030150048434734344;0.9635741710662842;65a68b82126d92f1f9a4d330;Awesome experience;2024-01-15;5;Awesome experience. We had to use their customer support to fix our invoice data and they provided outstanding timing and support!;BG;Positive;Positive;Positive;Positive
65a3c4680208eaa47b381c4d;0.0;0.571;0.429;0.9147;0.002630051225423813;0.015183301642537117;0.9821866750717163;65a3c4680208eaa47b381c4d;The product arrived on time all the‚Ä¶;2024-01-12;5;The product arrived on time all the assembly details were perfect made it very handy and clear great service well done;IE;Positive;Positive;Positive;Positive
659fcc8b2e14391e7d9d5597;0.0;0.586;0.414;0.8908;0.0014605516334995627;0.01525802817195654;0.9832814335823059;659fcc8b2e14391e7d9d5597;Good and fast delivery;2023-12-27;5;Good and fast delivery of this amazing standing desk system, it was quite fast at very good price.;CZ;Positive;Positive;Positive;Positive
659e780423cb48162da0eabb;0.39;0.53;0.08;-0.792;0.8335443139076233;0.15357357263565063;0.012882133014500141;659e780423cb48162da0eabb;Bad invoice cross-border purchase - no contact to solve;2023-12-26;1;Bad invoice - DPH on invoice - shipping to slovakia - no cantact on website to solve this problem;SK;Negative;Negative;Negative;Negative
65abc2180b73dff764578178;0.085;0.857;0.058;-0.6959;0.8997228145599365;0.09045745432376862;0.009819749742746353;65abc2180b73dff764578178;i ordered a beauty therapy trolley;2023-12-23;1;"i ordered a beauty therapy trolleyi ordered a beauty therapy trolley, item arrived in perished packaging, item was clearly used and returned, had rusty feet, broken castors, missing plastic trim, whole item was dirty and scratched, customer service said i had to source my own replacement packaging as original had perished. customer service offered me 20% discount or i could return the dirty, broken trolley, customer service sent me an evri label, had to try 4 shops before my parcel was accepted, drop off shops said parcel was too big for the type of return label issued ???still in the process of getting replacement item/refund. disgusting customer service experience, will not buy from then again, dr hasan emzi skin clinic manchester. undoubtedly there will be an expondo customer service response to this review claiming it is false and i have ""got things wrong"" do not trust them, order from expondo at your peril!update 9/1/24 - beacuse expondo used the cheapest return method possible, the return is still in transit ????? useless. i posted it on 23/12/23update 13/1/24expondo have still not received the return ???[from tracking page]It's bookedWe've got it15:47 - Sat Dec 23We've received your parcel at the ParcelShop and we'll be collecting it shortly13:26 - Wed Dec 27We've tried to collect this parcel but it's too large for this courier. Please contact the retailer to book with our Specialist Evri couriers13:36 - Fri Dec 29maybe they should sort out the returns methodexpondo refusing to refund or replaceas far as i am concerned this is thefti will report to trading standards and credit card company.disgusting company - avoid.Date of experience: 23 December 2023";GB;Negative;Negative;Negative;Negative
65830d582df3bc042399e13d;0.184;0.649;0.166;0.0772;0.002681872807443142;0.022263720631599426;0.9750544428825378;65830d582df3bc042399e13d;Super fast shopping;2023-12-20;5;Super fast shopping, I found my product quickly, no problems. all information I needed about technical parameters was available, so no need to get in touch with virtual assistant. I like this store.;PL;Positive;Positive;Positive;Positive
6582db9ab65fe5974bf373c3;0.0;0.83;0.17;0.5697;0.010712656192481518;0.08903378248214722;0.9002535939216614;6582db9ab65fe5974bf373c3;Fast service and good price-quality ratio.;2023-12-20;5;I had some specific questions about a product, which were promptly and adequately addressed. Additionally, the price-quality ratio is very favorable!;NL;Positive;Positive;Positive;Positive
656f73d9d4c5be75b05e05d8;0.061;0.578;0.361;0.8858;0.018862612545490265;0.09609514474868774;0.8850421905517578;656f73d9d4c5be75b05e05d8;Excellent company to deal with;2023-12-04;5;Excellent company to deal with. I was nervous because the item was very large. Excellent communication and trusted shipping company used to delivery. Very competitive prices;IE;Positive;Positive;Positive;Positive
65950136507439cdcbfaf53b;0.09;0.636;0.274;0.7684;0.05884884297847748;0.16526420414447784;0.7758870124816895;65950136507439cdcbfaf53b;I bought a product from Expondo;2023-12-01;4;I bought a product from Expondo, but it was not as described. I made a complain and they came with a solution that I am satisfied with. Thank you Expondo. Thumbs up ‚ò∫Ô∏è;NO;Positive;Positive;Positive;Positive
656c8e019fb6285b8404c99b;0.064;0.899;0.037;-0.2481;0.6355054378509521;0.307437002658844;0.05705757066607475;656c8e019fb6285b8404c99b;ordered and recieved a honey extractor;2023-12-01;1;ordered and recieved a honey extractor, the central basket/drum had not been properly made and it is impossible to use, we then found that Expondo has no contact details online and no email, so it is impossible to contact them, or send images.It is the 3rd item we have bought, we will not buy another, it will be interesting to raise a small claims action.DONT buy from companies without contact details!;GB;Negative;Negative;Negative;Negative
6569f3461696b511eb400570;0.0;0.508;0.492;0.7003;0.007751579396426678;0.06675264984369278;0.9254958033561707;6569f3461696b511eb400570;all good;2023-11-30;5;all good, very good service, did multiply orders.;DE;Positive;Positive;Positive;Positive
656519d49f0e1aa309f0bde4;0.119;0.809;0.072;-0.5561;0.7564630508422852;0.21145690977573395;0.03208007663488388;656519d49f0e1aa309f0bde4;I bought a water distiller to be fair‚Ä¶;2023-11-24;1;I bought a water distiller to be fair item arrived on time no broken my problem was the instructions manual it was useless I had no clear pics or instructions on how to set up. Also the pump they provided did not come with Uk plug. They were quick to respond to my email but just sent a copy of the manuel that come with it so no good. I‚Äôm now in the process of returnin Item but not been easy they said to drop it at an automated post box thing. Qr code was not expected. I then rang helpline that machine provided I was told that the item is not supposed to be returned via machine. The courier they use is Hermes and apparently I can take the QR code provided into shop to be picked up. I just hope they will pay full refund without getting bank involved.;GB;Negative;Negative;Positive;Negative
656312df732fe33f1a684dab;0.352;0.415;0.233;-0.508;0.9687548279762268;0.026013381779193878;0.005231792572885752;656312df732fe33f1a684dab;Terrible service;2023-11-23;1;Terrible service, little professionalism, practically zero customer service. Terrible service, a huge joke!!;IT;Negative;Negative;Negative;Negative
655c9f3359537c12a5f6bbf7;0.0;0.69;0.31;0.4019;0.013017483055591583;0.1314649134874344;0.8555176258087158;655c9f3359537c12a5f6bbf7;The support service was first class excellent company;2023-11-21;5;The support service was first class. Exce;ES;Positive;Positive;Positive;Positive
6559dbbafd28fa24bc16befd;0.0;1.0;0.0;0.0;0.12444658577442169;0.7979688048362732;0.07758457213640213;6559dbbafd28fa24bc16befd;Reliable products;2023-11-17;4;Product as described;GR;Neutral;Neutral;Neutral;Positive
6559fea12c6fa03e0ffdb686;0.0;0.508;0.492;0.4404;0.005101167596876621;0.10550063103437424;0.8893981575965881;6559fea12c6fa03e0ffdb686;Fast;2023-11-16;5;Fast, accurate, good product;HU;Positive;Positive;Positive;Positive
6555f1cb97495601958a13fb;0.0;0.536;0.464;0.8313;0.002825572155416012;0.020831722766160965;0.9763427376747131;6555f1cb97495601958a13fb;Great service;2023-11-16;5;Great service, they are very kind and they answer very quick.;ES;Positive;Positive;Positive;Positive
6557c376c95e1deebf6611b0;0.0;0.0;0.0;0.0;0.25829431414604187;0.4512723982334137;0.2904333174228668;6557c376c95e1deebf6611b0;fast delivery and great service;2023-11-16;5;;GB;Neutral;Neutral;Neutral;Positive
65566b9fe70fa4225afdadc2;0.0;0.345;0.655;0.6908;0.04419221356511116;0.3983016014099121;0.5575061440467834;65566b9fe70fa4225afdadc2;Value for money;2023-11-15;5;Value for money.  Free delivery;IE;Positive;Positive;Positive;Positive
6554e6613b86e340bb2184b1;0.0;0.0;0.0;0.0;0.25829431414604187;0.4512723982334137;0.2904333174228668;6554e6613b86e340bb2184b1;impeccable;2023-11-14;5;;CH;Neutral;Neutral;Neutral;Positive
654f42d74c7a0158825c7c83;0.0;0.341;0.659;0.8648;0.0017384056700393558;0.010482043959200382;0.9877795577049255;654f42d74c7a0158825c7c83;Very good excellent quick delivery üööüòÅ‚Ä¶;2023-11-11;5;Very good excellent quick delivery üööüòÅ thank you;IE;Positive;Positive;Positive;Positive
6555b9c001457a8a4311f024;0.0;0.256;0.744;0.7003;0.0023015071637928486;0.06667540222406387;0.9310230612754822;6555b9c001457a8a4311f024;All good ..;2023-11-10;5;All good ... Thanks;GB;Positive;Positive;Positive;Positive
6549578a7fa4b5595f1a694b;0.0;0.0;0.0;0.0;0.25829431414604187;0.4512723982334137;0.2904333174228668;6549578a7fa4b5595f1a694b;Delivery bad!;2023-11-06;1;;AT;Neutral;Neutral;Neutral;Negative
654b62a16991c733242c0631;0.0;0.807;0.193;0.4767;0.05098298192024231;0.579287588596344;0.3697294294834137;654b62a16991c733242c0631;Quality cooking supplies can be‚Ä¶;2023-11-06;5;Quality cooking supplies can be purchased here. However. The shipment speed should be improved.;NL;Neutral;Positive;Neutral;Positive
65532f82a219859d600daf37;0.0;0.952;0.048;0.3291;0.19042474031448364;0.3590497374534607;0.45052555203437805;65532f82a219859d600daf37;Released by customs not got any further;2023-11-04;3;Edit: Product finally came after contacting the through Facebook. Happy with what we finally received, but probably won‚Äôt use these again due to shipping problems.The product I ordered was released by customs since 8/11/2023 but hasn‚Äôt got any further, can‚Äôt find anywhere to contact company to chase it up;GB;Positive;Positive;Positive;Neutral
6546ab203b4e9ca546b4746d;0.0;0.583;0.417;0.6124;0.002923719584941864;0.04526737704873085;0.9518089294433594;6546ab203b4e9ca546b4746d;welding mashine;2023-11-04;5;Thank you, I received the welding machine.I recommend the company.;IE;Positive;Positive;Neutral;Positive
653ab154532aa794360b78f7;0.0;0.0;0.0;0.0;0.25829431414604187;0.4512723982334137;0.2904333174228668;653ab154532aa794360b78f7;Great product and delivered as promised;2023-10-26;5;;GB;Neutral;Neutral;Neutral;Positive
6538cba967487260dd1916db;0.026;0.944;0.03;0.0644;0.8451529741287231;0.14304551482200623;0.011801512911915779;6538cba967487260dd1916db;Can anyone find a customer service‚Ä¶;2023-10-25;1;Can anyone find a customer service contact number.not clear on website . I have purchased an item which I didn't know needed shipping and now it's hold at FedEx with shipping and holding charges. It's now been two weeks and nothing from the company. Once I receive this item I'll review again I've tried Facebook and Instagram but not got back to me.;GB;Negative;Positive;Positive;Negative
653887e64a3807cb02531bb6;0.0;0.645;0.355;0.8271;0.0018226136453449726;0.02253793366253376;0.9756395220756531;653887e64a3807cb02531bb6;Great company to deal with and the pump‚Ä¶;2023-10-25;5;Great company to deal with and the pump I bought is fantastic pump for house in Africa;GB;Positive;Positive;Positive;Positive
653e58889557a2d6bc874db1;0.139;0.781;0.08;-0.3612;0.49467402696609497;0.3625021278858185;0.14282384514808655;653e58889557a2d6bc874db1;I ordered an item but the shipping‚Ä¶;2023-10-25;5;I ordered an item but the shipping company was awful.However, I emailed expondo.com, and the problem was resolved overnight. Will order again from Expondo;RO;Negative;Negative;Neutral;Positive
653d51baab51b38e51604008;0.0;0.0;0.0;0.0;0.25829431414604187;0.4512723982334137;0.2904333174228668;653d51baab51b38e51604008;Good product and very good service;2023-10-24;5;;GB;Neutral;Neutral;Neutral;Positive
6538024e5a9c2f97df2ddf72;0.0;0.811;0.189;0.6369;0.003530277404934168;0.08780384808778763;0.9086658954620361;6538024e5a9c2f97df2ddf72;the balance is perfectly accurate.;2023-10-23;5;After the callibration, the balance is perfectly accurate.I believe it will stay so accurate for a longer period of time.;HR;Positive;Positive;Positive;Positive
653f9b34cd60ce15187515c7;0.0;0.747;0.253;0.7264;0.007650969084352255;0.053435422480106354;0.9389135837554932;653f9b34cd60ce15187515c7;Very good quality- price ratio;2023-10-19;5;Product on web-site looks exactly the same as is delivered. Very good quality- price ratio. Quick delivery, easy to assemble;CH;Positive;Positive;Positive;Positive
652e2ffe45bd43942f08af3b;0.0;0.0;0.0;0.0;0.25829431414604187;0.4512723982334137;0.2904333174228668;652e2ffe45bd43942f08af3b;Great!Thank your very much!;2023-10-17;5;;IE;Neutral;Neutral;Neutral;Positive
652e99faede3c53f556a3588;0.0;1.0;0.0;0.0;0.004705399740487337;0.1372125893831253;0.8580819964408875;652e99faede3c53f556a3588;Quick and accurate delivery;2023-10-16;5;Quick and accurate delivery. Reasonable price;GB;Positive;Neutral;Positive;Positive
652ac5dd69c58718a0690202;0.071;0.912;0.017;-0.807;0.9089943766593933;0.08076600730419159;0.010239599272608757;652ac5dd69c58718a0690202;Pot ordered, returned and still no refund 7 weeks later;2023-10-14;1;"I paid for this product on the 9th of August. The pot was delivered to me on the 22nd of August and I effected a return on the same day. This was due to the website indicating that the product would have been delivered between 1-3 days. I received it over 2 weeks later. I didn't need the pot by then, as I had needed it for the 11th of August.I queried my refund several times since then to receive feedback stating ""we will continue to monitor this return and can refund you as soon as I get confirmation from our UK return centre. Rest assured, we are checking daily for the status of the parcel"" - seriously? I am extremely disappointed as it is now over 7 weeks later, and I have still not received a refund. I have contacted them again yesterday and I still have not had a response.This is unacceptable. Their customer service is shocking.";GB;Negative;Negative;Negative;Negative
6528467ca8782e36a9ef2239;0.0;0.0;0.0;0.0;0.25829431414604187;0.4512723982334137;0.2904333174228668;6528467ca8782e36a9ef2239;Fast delivery/good value for money;2023-10-10;5;;RO;Neutral;Neutral;Neutral;Positive
652541321855e31952a33738;0.104;0.896;0.0;-0.802;0.962410569190979;0.03362841531634331;0.003961039241403341;652541321855e31952a33738;I bought Iduction Cooker for ¬£179‚Ä¶;2023-10-04;1;We have returned the product to them on 12 October and they are not refunding the money, this confirms that these people are scammers. DO NOT BUY FROM THIS WEBSITE.I bought Iduction Cooker for ¬£179 (INV500141188).Item delivered is faulty and I'm unable to contact the seller, there are no telephone or email address provided in the invoice or website.This company is a scam. I will now contact my bank to get my money returned to me.;GB;Negative;Negative;Negative;Negative
651ee50f5ae03db6af4d9088;0.077;0.761;0.163;0.8405;0.007858779281377792;0.05252561718225479;0.9396156072616577;651ee50f5ae03db6af4d9088;reliable company and nice product (greenhouse);2023-10-04;5;Purchase proces 'mothers milk' pleasant and easy at the same time.I bought the greenhouse.Product in general is OK.We set it on the concrete foundation so it stand very solid. Great thinks are the gutters on both side so water is kept away.One concern are quite fast rusting screws and not fully closed roof windowall in all product looks promising :)Service of Expondo is fast and reliable, after rising concern about some spare parts we get it with no problem;PL;Positive;Positive;Positive;Positive
651ee50f5ae03db6af4d9088;0.077;0.761;0.163;0.8405;0.007858779281377792;0.05252561718225479;0.9396156072616577;651ee50f5ae03db6af4d9088;reliable company and nice product (greenhouse);2023-10-04;5;Purchase proces 'mothers milk' pleasant and easy at the same time.I bought the greenhouse.Product in general is OK.We set it on the concrete foundation so it stand very solid. Great thinks are the gutters on both side so water is kept away.One concern are quite fast rusting screws and not fully closed roof windowall in all product looks promising :)Service of Expondo is fast and reliable, after rising concern about some spare parts we get it with no problem;PL;Positive;Positive;Positive;Positive
651d21da886ec81436b7d836;0.0;0.539;0.461;0.7717;0.004987534135580063;0.047886401414871216;0.947126030921936;651d21da886ec81436b7d836;Great service and urgent feedback from‚Ä¶;2023-10-04;5;Great service and urgent feedback from company. Reliable and swift to response;SE;Positive;Positive;Positive;Positive
651c6d0bd04e9c105d755081;0.0;0.433;0.567;0.9201;0.0020752805285155773;0.01066544558852911;0.9872593283653259;651c6d0bd04e9c105d755081;Brilliant experience;2023-10-03;5;Great experience and production communication was amazing though out the process would definitely recommend.;GB;Positive;Positive;Positive;Positive
65196a72ca5f20e8e7785529;0.163;0.555;0.281;0.4927;0.031484682112932205;0.3896424174308777;0.5788729190826416;65196a72ca5f20e8e7785529;Offroad winch;2023-10-01;5;Little complaints, due to unclear Installation Guide, all have been dealt with swiftly and effectively by Expondo. Recommend the Compny.;DE;Positive;Positive;Positive;Positive
6516a460c86310a3c68f7a38;0.0;0.584;0.416;0.6908;0.0037135095335543156;0.07302207499742508;0.9232644438743591;6516a460c86310a3c68f7a38;Ease of Use;2023-09-29;5;Nice and easy to follow and quick to fill in;GB;Positive;Positive;Positive;Positive
6517ee277e96d0f9013c5714;0.058;0.748;0.195;0.7343;0.008522633463144302;0.07180771231651306;0.9196696877479553;6517ee277e96d0f9013c5714;Steel posts and straps;2023-09-28;5;Ordered some stainless steelposts and straps for a new art gallery. Top notch quality product , superbly packed, swiftly delivered. I thought great value for the product quality. Could do with a little more communication - delivery turned up and it was only by chance that I was there. But bar that tiny criticism (easy to address) very good company to deal with.;GB;Positive;Positive;Positive;Positive
6517ee277e96d0f9013c5714;0.058;0.748;0.195;0.7343;0.008522633463144302;0.07180771231651306;0.9196696877479553;6517ee277e96d0f9013c5714;Steel posts and straps;2023-09-28;5;Ordered some stainless steelposts and straps for a new art gallery. Top notch quality product , superbly packed, swiftly delivered. I thought great value for the product quality. Could do with a little more communication - delivery turned up and it was only by chance that I was there. But bar that tiny criticism (easy to address) very good company to deal with.;GB;Positive;Positive;Positive;Positive
652311a3869431546e87775e;0.0;0.831;0.169;0.9197;0.009392625652253628;0.05859456956386566;0.9320127964019775;652311a3869431546e87775e;Laboratory power supply S-LS-117;2023-09-28;5;I haven't had time to deal with the power supply yet due to other work. I did some tests and the voltage on this power supply seems pretty accurate, the current limit does its job. Parallel and serial mode work fine. This equipment has USB, serial and RJ45 connectors. The included CD contains drivers and programming software.The price of the device was very friendly. Shipping was very fast.So I like this device. I am satisfied with the purchase.;HU;Positive;Positive;Positive;Positive
652311a3869431546e87775e;0.0;0.831;0.169;0.9197;0.009392625652253628;0.05859456956386566;0.9320127964019775;652311a3869431546e87775e;Laboratory power supply S-LS-117;2023-09-28;5;I haven't had time to deal with the power supply yet due to other work. I did some tests and the voltage on this power supply seems pretty accurate, the current limit does its job. Parallel and serial mode work fine. This equipment has USB, serial and RJ45 connectors. The included CD contains drivers and programming software.The price of the device was very friendly. Shipping was very fast.So I like this device. I am satisfied with the purchase.;HU;Positive;Positive;Positive;Positive
6512e401d404ddce12c8f9c4;0.101;0.661;0.238;0.4753;0.008618791587650776;0.057421158999204636;0.9339600801467896;6512e401d404ddce12c8f9c4;Impressive;2023-09-26;5;Surprisingly had a decent experience after receiving faulty goods. Refunded, return arranged and gesture of goodwill too. Thanks Expondo!;IE;Positive;Positive;Positive;Positive
6514925842d6b202c17bb90c;0.0;0.299;0.701;0.8555;0.0034654568880796432;0.035142503678798676;0.9613920450210571;6514925842d6b202c17bb90c;Great value;2023-09-26;5;Great value, good quality, very promptly delivered.;GB;Positive;Positive;Positive;Positive
651195928a1da539cd7da187;0.0;0.674;0.326;0.4404;0.00839127879589796;0.1240338459610939;0.8675748109817505;651195928a1da539cd7da187;Good quality product;2023-09-25;5;Good quality product, service and product packaging;GB;Positive;Positive;Positive;Positive
651aa9cfb6f03586cb54fb76;0.103;0.744;0.153;0.5335;0.9794044494628906;0.018829133361577988;0.0017663895851001143;651aa9cfb6f03586cb54fb76;Pitting on a stainless pot;2023-09-24;1;My stainless steel pot got pitting and customer care team sends  me a link what to do when black spots appear on steel!?!? Their products are very poor quality and produced in China then sold for a high price!!! Definitely not recommended.;IE;Negative;Positive;Negative;Negative
650d48f25a19ff3d42535bc7;0.0;0.707;0.293;0.4404;0.0023314759600907564;0.037283215671777725;0.960385262966156;650d48f25a19ff3d42535bc7;Easy to order and the product arrived‚Ä¶;2023-09-21;5;Easy to order and the product arrived quickly;IE;Positive;Positive;Positive;Positive
650b32b6c6989b93db437d88;0.0;0.63;0.37;0.5719;0.002567530842497945;0.044014666229486465;0.9534177780151367;650b32b6c6989b93db437d88;Good online shop;2023-09-20;5;Good online shop with bargain prices on their factory seconds;GB;Positive;Positive;Positive;Positive
6518542d4be41325de3a0bcd;0.04;0.696;0.264;0.9411;0.011598569341003895;0.028418438509106636;0.9599829912185669;6518542d4be41325de3a0bcd;Much better than expected!;2023-09-18;5;Perfectly delivered. This machine was much better than I expected, of course I expected it to be perfect! So silent and you can slice it so thin that you can se through it! Even the hardest salami was sliced like a warm knife in butter. I really recommend this and the only thing I regret is that I didn't buy it sooner.;SE;Positive;Positive;Positive;Positive
6518542d4be41325de3a0bcd;0.04;0.696;0.264;0.9411;0.011598569341003895;0.028418438509106636;0.9599829912185669;6518542d4be41325de3a0bcd;Much better than expected!;2023-09-18;5;Perfectly delivered. This machine was much better than I expected, of course I expected it to be perfect! So silent and you can slice it so thin that you can se through it! Even the hardest salami was sliced like a warm knife in butter. I really recommend this and the only thing I regret is that I didn't buy it sooner.;SE;Positive;Positive;Positive;Positive
65054a4c02cded1fdfd09189;0.038;0.704;0.258;0.917;0.01355912908911705;0.07779877632856369;0.908642053604126;65054a4c02cded1fdfd09189;The equipment was fairly priced‚Ä¶;2023-09-15;5;The equipment was fairly priced compared to similar. The advert said 3 day‚Äôs delivery but it took 7 so planning the job was affected, however the saving & the equipment made me happy with the deal. 33% less than competitors. Excellent value.;GB;Positive;Positive;Positive;Positive
65054a4c02cded1fdfd09189;0.038;0.704;0.258;0.917;0.01355912908911705;0.07779877632856369;0.908642053604126;65054a4c02cded1fdfd09189;The equipment was fairly priced‚Ä¶;2023-09-15;5;The equipment was fairly priced compared to similar. The advert said 3 day‚Äôs delivery but it took 7 so planning the job was affected, however the saving & the equipment made me happy with the deal. 33% less than competitors. Excellent value.;GB;Positive;Positive;Positive;Positive
650698b75119abd01f14455b;0.0;0.843;0.157;0.4215;0.0139516806229949;0.17452700436115265;0.8115212917327881;650698b75119abd01f14455b;Good site and delivered as promised;2023-09-15;5;Nice trade and from order on web site until I had my package took less than a week.;DK;Positive;Positive;Positive;Positive
64fd6a024e011bdc9384c375;0.0;1.0;0.0;0.0;0.8749182820320129;0.11253573000431061;0.012545970268547535;64fd6a024e011bdc9384c375;Rubbish;2023-09-10;1;Rubbish my parcel (Parcel number:65687376151) was supposed to arrive in 1-3 working days. I ordered it on Tuesday. Now it's Sunday I still haven't got it and it shows at Customs since Friday 3 a.m.;GB;Negative;Neutral;Neutral;Negative
64fc957947e509249be3217f;0.0;0.552;0.448;0.9153;0.0017559316474944353;0.021946916356682777;0.9762971997261047;64fc957947e509249be3217f;kitchen enthusiasm.;2023-09-09;5;II appreciate a good service ,Im satisfied with my buying.i will user at my home kitchen . Tanks you Expondo.com. l recommend to all enthusiasm,;NO;Positive;Positive;Positive;Positive
64fdadf89b2d8bb46d452b74;0.0;0.437;0.563;0.8905;0.0019043204374611378;0.012079083360731602;0.986016571521759;64fdadf89b2d8bb46d452b74;Very good quality product;2023-09-05;5;Very good quality product, well packed and delivered in good time. Very satisfied.;GB;Positive;Positive;Positive;Positive
650464f76e1c6646a2dd1597;0.0;0.755;0.245;0.9358;0.002089365851134062;0.02485332079231739;0.9730572700500488;650464f76e1c6646a2dd1597;First time buyer;2023-09-05;5;First time buyer . Very happy with the purchase very happy with the level of service and quality of after purchase service too. Always kept me informed on the tracking of the purchase and once my purchase arrived they checked up on me to make sure I was happy ‚Ä¶.;GB;Positive;Positive;Positive;Positive
64f773f1bbab1ffe2e61dc09;0.0;0.667;0.333;0.7906;0.0023348135873675346;0.035020943731069565;0.9626442193984985;64f773f1bbab1ffe2e61dc09;everything was quick and professional;2023-09-05;4;everything was ok, it was quick and professional.web shop is easy to use and gives a good description of goods.;HR;Positive;Positive;Positive;Positive
64f4db11d6cd4776e719493b;0.0;0.0;0.0;0.0;0.25829431414604187;0.4512723982334137;0.2904333174228668;64f4db11d6cd4776e719493b;Quick and correct deliveryüëç;2023-08-31;5;;DK;Neutral;Neutral;Neutral;Positive
64eefd034c152f4a7d6089cf;0.139;0.861;0.0;-0.6681;0.9557161331176758;0.0402759350836277;0.004007995594292879;64eefd034c152f4a7d6089cf;paid for 5lt water pot 18/08/23.;2023-08-30;2;paid for 5lt water pot 18/08/23.twelve days later still not received and deliverer claims that I no longer live at my address!!!All contact is in Polish! So it gets me nowhere.Do not recommend if buying from Britain;GB;Negative;Negative;Positive;Negative
64edb5d159a1f461dd03f8ac;0.0;0.654;0.346;0.7876;0.0026634642854332924;0.0180234182626009;0.97931307554245;64edb5d159a1f461dd03f8ac;Fabulous pots;2023-08-29;5;Really pleased with the pots. Delivery was very quick could not fault the company. Would recommend to others.;GB;Positive;Positive;Positive;Positive
6511601f80fac02db8231204;0.042;0.763;0.195;0.8316;0.002248910954222083;0.016619548201560974;0.9811315536499023;6511601f80fac02db8231204;Post-warranty service;2023-08-28;5;Thanks to resourceful customer service, my RCMB-2LA blender is working properly again.Elena from expondo GmbH has become my favorite person from the company. She solved my problem quickly and efficiently. It turns out that keeping a customer after warranty is as important as getting a new one. We are staying for a long time with products from exppondo.;NL;Positive;Positive;Positive;Positive
6511601f80fac02db8231204;0.042;0.763;0.195;0.8316;0.002248910954222083;0.016619548201560974;0.9811315536499023;6511601f80fac02db8231204;Post-warranty service;2023-08-28;5;Thanks to resourceful customer service, my RCMB-2LA blender is working properly again.Elena from expondo GmbH has become my favorite person from the company. She solved my problem quickly and efficiently. It turns out that keeping a customer after warranty is as important as getting a new one. We are staying for a long time with products from exppondo.;NL;Positive;Positive;Positive;Positive
64e689cbfb1204fbd8f29900;0.0;0.661;0.339;0.8271;0.0022093108855187893;0.022715680301189423;0.9750749468803406;64e689cbfb1204fbd8f29900;Excellent quality products and delivery‚Ä¶;2023-08-23;5;"Excellent quality products and delivery with care ( delivery to uk is 8-14 days ) i receive my item in 8 days ;)Highly recommended";GB;Positive;Positive;Positive;Positive
64e7d9afe9bcf3c9c0695dd3;0.0;0.594;0.406;0.6249;0.003283788450062275;0.030963648110628128;0.9657526016235352;64e7d9afe9bcf3c9c0695dd3;Great product arrived in very short‚Ä¶;2023-08-22;5;Great product arrived in very short time.;HR;Positive;Positive;Positive;Positive
64e35173cdd8f60dd7cf934c;0.0;0.618;0.382;0.9184;0.0020861481316387653;0.01642676070332527;0.9814870357513428;64e35173cdd8f60dd7cf934c;I'am purcased the cornflakes stora ge‚Ä¶;2023-08-21;5;I'am purcased the cornflakes stora ge box tank great quality very nice and usefull the webshop recomended delivery very fast everything was perfect well done.;HR;Positive;Positive;Positive;Positive
6507047a7502847f0943ba07;0.075;0.852;0.073;-0.0516;0.6155871152877808;0.3218909204006195;0.06252198666334152;6507047a7502847f0943ba07;Broken lab trolley;2023-08-21;1;Broken lab trolleyInstead of a lab trolley our clinic received a box with a pile of metal waste. The company cannot have been in good faith when the trolley was packed.We sent some photos of the trash we received.  We received a reply saying that we should sent some photos. That was exactly what we had just done.We waisted a lot of time dealing with the Expondos¬¥s customer service.After many inquiries we got the money back.;DK;Negative;Negative;Positive;Negative
6504d1c8c698dfd6d5fe6f92;0.24;0.713;0.048;-0.9408;0.9415016174316406;0.05204809457063675;0.006450273562222719;6504d1c8c698dfd6d5fe6f92;Communication is easy with them‚Ä¶;2023-08-14;1;Communication is easy with them replying but actually getting anything done is a nightmare. A month I‚Äôve been trying to have a product returned (because of their website crashing we accidentally ordered two). Still no sign of someone collecting the one they dumped at my house that I didn‚Äôt want. Which I asked to be cancelled the day of purchase. Horrendous customer service.;GB;Negative;Negative;Positive;Negative
64d6ab086e7a34ff1532b3bc;0.019;0.814;0.167;0.9072;0.13470932841300964;0.32977724075317383;0.5355134606361389;64d6ab086e7a34ff1532b3bc;Great quality product and in great‚Ä¶;2023-08-11;5;Great quality product and in great condition. No issue with expondo although bear in mind 1-3 days delivery may apply to some items but mine came from Poland and I don't recall seeing it could take around 2 weeks which I see as acceptable but I was expecting far sooner so just bare that in mind. May also have been due to stuff like a certain country trying to take over a bordering country which may also cause delays. #furussia;GB;Positive;Positive;Positive;Positive
64d6ab086e7a34ff1532b3bc;0.019;0.814;0.167;0.9072;0.13470932841300964;0.32977724075317383;0.5355134606361389;64d6ab086e7a34ff1532b3bc;Great quality product and in great‚Ä¶;2023-08-11;5;Great quality product and in great condition. No issue with expondo although bear in mind 1-3 days delivery may apply to some items but mine came from Poland and I don't recall seeing it could take around 2 weeks which I see as acceptable but I was expecting far sooner so just bare that in mind. May also have been due to stuff like a certain country trying to take over a bordering country which may also cause delays. #furussia;GB;Positive;Positive;Positive;Positive
64d38d0411e93d384055f33e;0.0;0.794;0.206;0.7579;0.03243636339902878;0.4468947947025299;0.5206689238548279;64d38d0411e93d384055f33e;a trustworthy professional company;2023-08-09;4;a trustworthy professional companythey need to improve their customer communication.specifically they need acknowledge the order fast (less than 12 hours) via email and to mention possible delivery dates;GB;Positive;Positive;Positive;Positive
64d2b188b4e88f57d68da4b8;0.0;0.0;0.0;0.0;0.25829431414604187;0.4512723982334137;0.2904333174228668;64d2b188b4e88f57d68da4b8;Excellent product at a good price;2023-08-08;5;;GB;Neutral;Neutral;Neutral;Positive
64cf60dbdda4069ee0f0a6e8;0.0;0.558;0.442;0.8591;0.0021231439895927906;0.01800680160522461;0.979870080947876;64cf60dbdda4069ee0f0a6e8;Highly recommended;2023-08-06;5;I'm excited about that part. Good quality and best workmanship. The price-performance ratio is right.;DE;Positive;Positive;Positive;Positive
64cd23fd26096e36f1a7cb6e;0.256;0.715;0.028;-0.8818;0.9614695310592651;0.0335499569773674;0.004980479832738638;64cd23fd26096e36f1a7cb6e;It‚Äôs a scam website and company;2023-08-04;1;It‚Äôs a scam website and company. They have no contact number or email on their website. Their website says delivery in 1-3 days but it‚Äôs taking 2-3 weeks. Complete SCAM! Don‚Äôt order from them.;PK;Negative;Negative;Positive;Negative
64ca794a2910a3174a272877;0.052;0.855;0.093;0.296;0.9083620309829712;0.0816594809293747;0.009978431276977062;64ca794a2910a3174a272877;Good will not arrive on time  as promised;2023-08-02;3;The reason I gave them 3 stars was not a flaw in the product but false advertising ,, it said 1/3 day‚Äôs estimated deliver it took almost 2 weeks ,, I needed for a party so I was disappointed,, also there is no email or telephone number to contact them ,, needs to be more professional;IE;Negative;Positive;Negative;Neutral
64dfa578cdcc75c3ca72308e;0.126;0.8;0.074;-0.2263;0.8723849654197693;0.11951395869255066;0.008101074956357479;64dfa578cdcc75c3ca72308e;No way to contact expondo.ch;2023-08-01;1;No way to contact expondo.chItem was paid and not shipped for 3 weeks.no phone number email etc.;CH;Negative;Negative;Neutral;Negative
64d09f5e4a749a4fef2ae27d;0.0;0.606;0.394;0.8932;0.0016647853190079331;0.012328015640377998;0.9860072135925293;64d09f5e4a749a4fef2ae27d;Very good product availability and‚Ä¶;2023-07-31;5;Very good product availability and excellent prices.The delivery was fast and the parcel was well packed.I would definitely reorder on this site.;FR;Positive;Positive;Positive;Positive
64c9223d656a964ada6f4c3c;0.0;1.0;0.0;0.0;0.03600892052054405;0.6005502939224243;0.3634408116340637;64c9223d656a964ada6f4c3c;Delivery was as quick as it could be‚Ä¶;2023-07-29;5;Delivery was as quick as it could be seeing it was coming from abroad;GB;Neutral;Neutral;Positive;Positive
64c3747b3a0b9d16a92f3651;0.0;0.0;0.0;0.0;0.25829431414604187;0.4512723982334137;0.2904333174228668;64c3747b3a0b9d16a92f3651;Spam like hell;2023-07-28;1;;DK;Neutral;Neutral;Neutral;Negative
64c580265f8a6fbb3c7e2d7e;0.0;0.529;0.471;0.8934;0.001918554655276239;0.012019062414765358;0.9860623478889465;64c580265f8a6fbb3c7e2d7e;Super quick delivery and great product;2023-07-28;5;Super quick delivery and great product. Definitely not the last time I buy something from hereü§©üëçüèª;DK;Positive;Positive;Positive;Positive
64d3f92b5516c9043cc1df72;0.054;0.792;0.154;0.8761;0.018345030024647713;0.08284179121255875;0.8988131880760193;64d3f92b5516c9043cc1df72;Excellent customer service;2023-07-27;5;I borrowed a brand new popcorn machine for a party. It was really nice looking and had two small doors made of glass.  Unfortunately one of the doors was shattered during the party. I contacted expondo customer service to buy a new door since the machine was originally supplied by them.Chrissie from expondo was an excellent help in a somewhat difficult situation. The door was not on stock right away but Chrissie contacted me as soon as it was available and I got a new door shipped to my home at a very reasonable price. Excellent service.;DK;Positive;Positive;Positive;Positive
64d3f92b5516c9043cc1df72;0.054;0.792;0.154;0.8761;0.018345030024647713;0.08284179121255875;0.8988131880760193;64d3f92b5516c9043cc1df72;Excellent customer service;2023-07-27;5;I borrowed a brand new popcorn machine for a party. It was really nice looking and had two small doors made of glass.  Unfortunately one of the doors was shattered during the party. I contacted expondo customer service to buy a new door since the machine was originally supplied by them.Chrissie from expondo was an excellent help in a somewhat difficult situation. The door was not on stock right away but Chrissie contacted me as soon as it was available and I got a new door shipped to my home at a very reasonable price. Excellent service.;DK;Positive;Positive;Positive;Positive
64c0fbbcc2b0639aeaba956a;0.142;0.793;0.065;-0.9215;0.9057984948158264;0.08400221914052963;0.010199327021837234;64c0fbbcc2b0639aeaba956a;Undelivered , unfunctionally damaged, wont refund - i have made an order paid for it;2023-07-26;1;I have made an order paid for it. And yet it keeps saying shipped and never shipped. Tracking keeps saying cant find shipment. It arrived in the end. Its.damaged to the point of not possiable to assemble fully. They wont refund full for unuseable product. Add insult to injury. The ceo owner is arrogant, the staff rude, aggressive, wont assist will offer variouse vouchers of 70, 100 etc. But not refund. I ordered a new item, i should.be able to assemble and use. Which it was not possiable. They discard item. So we did i have.email than say u are using partial which we are not. They going down hill. It was 14 damages in total on item 3 in places where it has to join another making it impossiable.My advice to everyone. Do not buy fron them. Google. Many shoppers are suffering. And they not taking responsibility. It worth risk losing your money. Is worth the hassle. Go to another distributor. They are not worth the risk.;GB;Negative;Negative;Positive;Negative
64c74d8670c6a2f2d84b749c;0.041;0.875;0.084;0.3933;0.9218454957008362;0.07096021622419357;0.007194212172180414;64c74d8670c6a2f2d84b749c;Feels like a scam;2023-07-25;1;Feels like a scam, ordered product on basis 1-3 day delivery in UK, invoice stated the same. Tracking comes through after 24 hours, product in Poland and will be 7-10 working days. Raised this with expondo, they say its incorrect on the website and if I don't want it refuse delivery. Other items still advertised the same on website. Normally wouldn't be that bothered but needed item for birthday present and they really don't seem that bothered about customer service. Very dissapointed.;GB;Negative;Positive;Positive;Negative
64c577884162de163a42e44d;0.0;0.788;0.212;0.6369;0.4830799102783203;0.4198671281337738;0.0970529317855835;64c577884162de163a42e44d;Perfekt Product dilivery;2023-07-25;4;Sligthly later delivery than announced. Product perfekt, value for money okay. The deliverer put the goods in front of the house without contakt. Thatcher wasn't okay.;DE;Negative;Positive;Positive;Positive
64bf9ee55084d7d95bb5e917;0.227;0.715;0.057;-0.955;0.9261019229888916;0.06761908531188965;0.00627903314307332;64bf9ee55084d7d95bb5e917;Zero stars;2023-07-24;1;Ordered yesterday, no email confirmation.  Tried to contact, no contact information, tried on Facebook, no reply !!!Scam site....AndNow they complain they want more information about this review ??Asking for a invoice number ..Well I would give you it if you sent me a receipt for my ¬£164.00 purchase..UPDATE 28/07Tried to call number doesn't work no way of finding out my order number as signed out as a guest ,now going through bank for a charge backSTAY AWAY FROM THIS SCAM SITE;GB;Negative;Negative;Positive;Negative
64bac496b20a156b25c5ea20;0.0;0.455;0.545;0.34;0.1760108917951584;0.6647889018058777;0.1592002809047699;64bac496b20a156b25c5ea20;Value;2023-07-21;5;Value for money;GB;Neutral;Positive;Neutral;Positive
64b814d0339bc1ec317b2e2e;0.0;0.0;0.0;0.0;0.25829431414604187;0.4512723982334137;0.2904333174228668;64b814d0339bc1ec317b2e2e;Great value for good quality products;2023-07-19;5;;GB;Neutral;Neutral;Neutral;Positive
64c0c4ea58b5d5991cb056ad;0.108;0.758;0.133;-0.3041;0.949715793132782;0.04546311870217323;0.004820987582206726;64c0c4ea58b5d5991cb056ad;NOT TRUSTWORTHY part 1 and 2;2023-07-14;1;ordered a product on 14 july paid by credit card but says product not yet shipped ..on site said shipping on day of payment ..tried to contact get only computer response trying by phone no luck...I DONT RECOMEND YOU BUY FROM THIS SITE!!!!!!!!!!!!!! Just got an email saying my problem has been resolved no explanation but tracking still says product still not shipped !!!! No direct reply form anybody there...WHAT A JOKE COMPANY!!!!!!;CH;Negative;Negative;Negative;Negative
64be5616193834b23798a56c;0.135;0.865;0.0;-0.784;0.9623104929924011;0.03373526781797409;0.003954164683818817;64be5616193834b23798a56c;We ordered a filling machine which came‚Ä¶;2023-07-14;1;We ordered a filling machine which came without an essential part. Expondo are no longer contactable on 01633 373642, the recorded announcement states the line ‚Äúis down‚Äù, no alternative numbers or emails are given on the website.We are stuck with a piece of equipment we cannot use and no way of getting in touch with the supplier.Terrible customer service. Have they gone bust?!;GB;Negative;Negative;Negative;Negative
64aef104b2190187604fe0f3;0.306;0.694;0.0;-0.296;0.2763764560222626;0.5775358080863953;0.14608782529830933;64aef104b2190187604fe0f3;Buying;2023-07-12;1;Buying, no problem.Service, warranty? Not existing.;NO;Neutral;Negative;Neutral;Negative
64ad4a1efd03e89683497014;0.0;0.815;0.185;0.6124;0.0014024443225935102;0.012887864373624325;0.9857096672058105;64ad4a1efd03e89683497014;Very reliable supplier;2023-07-11;5;Very reliable supplier, I‚Äôve used them a number times over the last 2 years and I‚Äôm happy with the process, their products and their customer service.;GB;Positive;Positive;Positive;Positive
64a7f571cf0f7e9bed5f38a3;0.0;0.584;0.416;0.9526;0.0014231248060241342;0.015508008189499378;0.9830688238143921;64a7f571cf0f7e9bed5f38a3;Excellent customer service 100%th from‚Ä¶;2023-07-07;5;Excellent customer service both from Expondo and from UPS . GREAT communication every day via email to track our parcel. We will definitely recommend purchasing from Expondo to our friends !;ES;Positive;Positive;Positive;Positive
649eee47c2187c7aff8ed843;0.515;0.485;0.0;-0.6486;0.5055392980575562;0.4526296854019165;0.041831038892269135;649eee47c2187c7aff8ed843;TERRIBLE EXPERIENCE;2023-06-30;1;TERRIBLE EXPERIENCENEVER RECEIVED ITEM OR REFUNDABSOLUTELY AVOID;IT;Negative;Negative;Negative;Negative
6499a675ecd8bf646c7fa812;0.156;0.78;0.063;-0.7717;0.909629225730896;0.07953865081071854;0.01083208154886961;6499a675ecd8bf646c7fa812;Good easy site to use but do not order‚Ä¶;2023-06-26;2;Good easy site to use but do not order big ticket items on COD this site wasted a week of my time by allowing me to select this as an option for purchase and when I checked my order it got cancelled rang them and they said no COD but offered on siteWaste of time;IE;Negative;Negative;Positive;Negative
6493613cbfc2466b3cf82235;0.118;0.417;0.465;0.7184;0.01365689467638731;0.07405302673578262;0.912290096282959;6493613cbfc2466b3cf82235;Excellent product & it's performance‚Ä¶;2023-06-20;5;Excellent product & it's performance bit noisy though. Overall satisfying.;GB;Positive;Positive;Positive;Positive
64900408c25232f94dcf9169;0.0;1.0;0.0;0.0;0.021013397723436356;0.7199978232383728;0.25898879766464233;64900408c25232f94dcf9169;Delivery on time and product as‚Ä¶;2023-06-19;5;Delivery on time and product as described;IT;Neutral;Neutral;Neutral;Positive
648c55ddef842cf9456bbfb5;0.176;0.576;0.248;0.4576;0.0024514582473784685;0.021759238094091415;0.9757893085479736;648c55ddef842cf9456bbfb5;Very easy to deal with;2023-06-15;5;Very easy to deal with had no trouble with purchasing or delivery. All arrived in perfect condition and very fast;IE;Positive;Positive;Positive;Positive
648d99ac69163fec0337d0c3;0.0;1.0;0.0;0.0;0.00480637326836586;0.05836302042007446;0.9368306398391724;648d99ac69163fec0337d0c3;Wine cooler Royal Catering;2023-06-15;5;Wine cooler which I wanted (Royal Catering 428 l).Delivery fast (just 2 days, which is great).Everything was okey.;CZ;Positive;Neutral;Positive;Positive
6489ae346964ca2778215459;0.0;0.0;0.0;0.0;0.25829431414604187;0.4512723982334137;0.2904333174228668;6489ae346964ca2778215459;great prices and fast delivery;2023-06-14;5;;IE;Neutral;Neutral;Neutral;Positive
6483362f706f837cb1fb4c6a;0.114;0.509;0.377;0.7346;0.006380186881870031;0.07563350349664688;0.917986273765564;6483362f706f837cb1fb4c6a;Very good concern and fast problem‚Ä¶;2023-06-08;5;Very good concern and fast problem solving to answer my question. They after service us trustable.;DE;Positive;Positive;Positive;Positive
648df1c7706f837cb100c81d;0.0;0.0;0.0;0.0;0.25829431414604187;0.4512723982334137;0.2904333174228668;648df1c7706f837cb100c81d;Very satisfied thnx;2023-06-07;5;;CZ;Neutral;Neutral;Neutral;Positive
647f6675e4a053a5b5c1b893;0.129;0.871;0.0;-0.5994;0.9060635566711426;0.08675431460142136;0.007182242814451456;647f6675e4a053a5b5c1b893;Waste of money and time;2023-06-06;1;Ordered a doughnut machine ¬£1,800. Product never left Poland and we have been refused a refund as they are saying they tried to deliver it. Shocking company and trading standards have been contacted.Employee spoken to : Horv√°th √Äron;GB;Negative;Negative;Negative;Negative
64831ef9706f837cb1fb3adf;0.0;0.0;0.0;0.0;0.25829431414604187;0.4512723982334137;0.2904333174228668;64831ef9706f837cb1fb3adf;Good good jii;2023-06-04;5;;GB;Neutral;Neutral;Neutral;Positive
6489b889706f837cb1fe8453;0.0;0.691;0.309;0.8553;0.001987501047551632;0.009863981045782566;0.9881485104560852;6489b889706f837cb1fe8453;Delighted with camping fridge;2023-06-02;5;Delighted with camping fridgeIt works well, is quiet and does not seem to run the car battery down too much. Very happy with this.;IE;Positive;Positive;Positive;Positive
647dce8fb62d7a9fe6b3b866;0.035;0.917;0.048;-0.25;0.5194772481918335;0.4353930354118347;0.04512973502278328;647dce8fb62d7a9fe6b3b866;Complaint;2023-06-02;1;"""On Friday, May 2, 2023, we received a shipment (pizza oven) from you, order number 3002877, invoice number SK-10339.The invoice does not include our VAT identification number: SK2020477613.VAT in the amount of EUR 67.33 was incorrectly added to the price. We request a correction of the invoice and settlement of the difference.The package arrived in a damaged condition, for which we have a proof from the GLS courier. However, the device appeared visually undamaged, and its functionality will be tested during this week.""";SK;Negative;Negative;Neutral;Negative
647e06bb6f210b77115d848f;0.0;0.729;0.271;0.6369;0.004413514398038387;0.11561056971549988;0.8799759149551392;647e06bb6f210b77115d848f;Fast and relyable delivery for a fair‚Ä¶;2023-06-02;5;Fast and relyable delivery for a fair price and of coarse reasonable prices and a good product quality.;DE;Positive;Positive;Positive;Positive
647dd2c5186825050de182a2;0.244;0.756;0.0;-0.4404;0.9219292998313904;0.06953129917383194;0.008539389818906784;647dd2c5186825050de182a2;the bag is too small;2023-06-01;1;the bag is too small. not the correct measure. worthless;PT;Negative;Negative;Negative;Negative
6481c87b7eb8764980d07d95;0.45;0.481;0.068;-0.9334;0.9800470471382141;0.0175795815885067;0.002373302122578025;6481c87b7eb8764980d07d95;Broken products,Terrible customer support;2023-06-01;1;Terrible customer support, they send me a broken hotdog steamer with loose wire and ask me to fix the problem. Cheap products, bad quality!!! Avoid if possible;GB;Negative;Negative;Negative;Negative
64770c94073791baeeb8d6b5;0.217;0.729;0.054;-0.8286;0.9720889925956726;0.024571407586336136;0.00333959492854774;64770c94073791baeeb8d6b5;DO NOT ORDER FROM THIS SCAM COMPANY;2023-05-31;1;Do not order from this website, they sent me a faulty product, a barber chair that I paid over ‚Ç¨600 for. It is unusable and I have now sent three emails to rectify the problem and no response. Do yourself a favour, DO NOT ORDER FROM THIS SCAM COMPANY.;IE;Negative;Negative;Neutral;Negative
647532fb6fbec453c9d24a8f;0.108;0.788;0.103;0.2023;0.02439866028726101;0.17422513663768768;0.8013761639595032;647532fb6fbec453c9d24a8f;I gave 4 stars bcs the steamer get very‚Ä¶;2023-05-30;4;I gave 4 stars bcs the steamer get very hot in middle and there is no adjusting function to lthe lower levelThe back of the steam does not get heated as front oneOverall everything else works perfectly;GB;Positive;Positive;Positive;Positive
6474f7caf977acce9186a9e7;0.0;0.834;0.166;0.6573;0.14506840705871582;0.29894259572029114;0.5559890270233154;6474f7caf977acce9186a9e7;Quite simply a great buy;2023-05-29;5;Quite simply a great buy. Removes all chemicals and debris from drinking water. Can never ever go back to normal drinking (tap) water again.;NO;Positive;Positive;Positive;Positive
6475b533b1f4963133ba46e9;0.066;0.934;0.0;-0.296;0.5628519654273987;0.37614870071411133;0.06099938973784447;6475b533b1f4963133ba46e9;Poor communication and unrealistic delivery statement;2023-05-26;1;Took 9 days to arrive when stated delivery 4-7 days.  I had to buy again from a supplier who were able to deliver next day.  No tracking or updates and the pump was required urgently;GB;Negative;Negative;Positive;Negative
648318a4c4234462867374f2;0.593;0.407;0.0;-0.8481;0.9571974873542786;0.04049001634120941;0.0023124935105443;648318a4c4234462867374f2;Bad service equipment was faulty raised‚Ä¶;2023-05-26;1;Bad service equipment was faulty raised a complaint till today no response;GB;Negative;Negative;Negative;Negative
64857ce4c423446286747e2c;0.0;0.408;0.592;0.7003;0.004916289355605841;0.09319257736206055;0.9018910527229309;64857ce4c423446286747e2c;Good prices;2023-05-26;5;Good prices, fast delivery, good communication.;IE;Positive;Positive;Positive;Positive
646dca02a585acd6041262f6;0.085;0.823;0.092;0.0772;0.7054848074913025;0.27323442697525024;0.02128075808286667;646dca02a585acd6041262f6;Order;2023-05-24;1;I have ordered products, paid by card and finally I have received an email with another price (higher) that I should pay. I have seen as well banner with another price than product etc. Be careful. I had to cancel the order.;CZ;Negative;Positive;Positive;Negative
646d2fc6235d9f31192e704f;0.341;0.516;0.143;-0.7841;0.9816686511039734;0.015610787086188793;0.002720541087910533;646d2fc6235d9f31192e704f;Terrible quility of products;2023-05-23;1;Terrible quility of products. The product I purchased broke on the first use. Unbelievably bad customer service. Please, do yourself √† favor and avoid this company;SE;Negative;Negative;Negative;Negative
646d82f8912d984637000e4a;0.0;0.859;0.141;0.2023;0.05228882282972336;0.867108941078186;0.08060221374034882;646d82f8912d984637000e4a;De levering was gepland op 26/5 en is‚Ä¶;2023-05-23;5;De levering was gepland op 26/5 en is aangekomen op 23/5. Top;BE;Neutral;Positive;Positive;Positive
646a636715fe44bf0caea7b4;0.0;0.51;0.49;0.7717;0.002094042720273137;0.03713809698820114;0.9607678055763245;646a636715fe44bf0caea7b4;Good and easy to shop;2023-05-19;5;Good and easy to shop. Fast delivery straight to the door;DK;Positive;Positive;Positive;Positive
64690a1d0b5ae98f505de7fc;0.0;0.703;0.297;0.4215;0.0036670805420726538;0.12438320368528366;0.8719497323036194;64690a1d0b5ae98f505de7fc;came quickly and look like they will be‚Ä¶;2023-05-19;5;came quickly and look like they will be what we want;GB;Positive;Positive;Positive;Positive
6464ef8ef652caa61e43f5c2;0.0;0.588;0.412;0.2732;0.08259600400924683;0.5537756681442261;0.3636283278465271;6464ef8ef652caa61e43f5c2;Fast delivery;2023-05-16;5;God price, fast delivery;SE;Neutral;Positive;Positive;Positive
648226aed2c60a3bba10e143;0.0;0.412;0.588;0.8748;0.0029266951605677605;0.027884529903531075;0.9691887497901917;648226aed2c60a3bba10e143;Great costumer support;2023-05-15;5;Great costumer support, very good quality items and fast delivery.;DK;Positive;Positive;Positive;Positive
6461cb928aa664cc2d3cf307;0.0;0.791;0.209;0.6696;0.0025932984426617622;0.026223640888929367;0.9711830019950867;6461cb928aa664cc2d3cf307;Delivery was fast;2023-05-12;5;Delivery was fast, information at anytime before delivering, best price in market, can¬¥t wait to use my telescope!;DE;Positive;Positive;Positive;Positive
6458f052ed5cb936562a1829;0.0;0.0;0.0;0.0;0.25829431414604187;0.4512723982334137;0.2904333174228668;6458f052ed5cb936562a1829;Very pleased.;2023-05-08;5;;IE;Neutral;Neutral;Neutral;Positive
6458922f0f20afd2132d5290;0.0;0.848;0.152;0.6124;0.003183360444381833;0.04375964403152466;0.953057050704956;6458922f0f20afd2132d5290;Fast Delivery and good Prices;2023-05-08;5;Delivery was faster than expected (and announced) with sensible updates to the status in-between. The product quality is good, and with the rather frequent promotions, pricing is suitable as well.;DE;Positive;Positive;Positive;Positive
64590e611234c76f2d56bacd;0.079;0.901;0.02;-0.6643;0.9648034572601318;0.03206873685121536;0.0031278012320399284;64590e611234c76f2d56bacd;We order material on their website never came;2023-05-08;1;"We order material on their website. Raben (the transportation company) said it was delivered but the 50kg material never came to our store. Awfull customer service, no one knows where it is, and no one answers our questions about who and where the package was ""delivered"". Would never order from them ever again. Still pending to know what happened! The portuguese number is not in service. Seems a very shady company.";PT;Negative;Negative;Negative;Negative
6456d4472b51330a2189711b;0.0;0.69;0.31;0.743;0.002276494400575757;0.014750382862985134;0.9829730987548828;6456d4472b51330a2189711b;Fast shipping,good quality and‚Ä¶;2023-05-07;5;Fast shipping,good quality and following up it is amazing. I do recommend the seller and the site;FR;Positive;Positive;Positive;Positive
6452b244cac127f225b230f0;0.0;0.0;0.0;0.0;0.25829431414604187;0.4512723982334137;0.2904333174228668;6452b244cac127f225b230f0;Fast delivery;2023-05-03;5;;DK;Neutral;Neutral;Neutral;Positive
6452c9d6bc56ae3675e06e8b;0.0;0.0;0.0;0.0;0.25829431414604187;0.4512723982334137;0.2904333174228668;6452c9d6bc56ae3675e06e8b;Easy to order and fast delivery.;2023-05-03;5;;SE;Neutral;Neutral;Neutral;Positive
6450fcb8b68e961278ade8d3;0.0;0.0;0.0;0.0;0.25829431414604187;0.4512723982334137;0.2904333174228668;6450fcb8b68e961278ade8d3;Good work and easy to find out;2023-05-02;5;;DK;Neutral;Neutral;Neutral;Positive
64528a324637ae94704e7c6a;0.0;0.0;0.0;0.0;0.25829431414604187;0.4512723982334137;0.2904333174228668;64528a324637ae94704e7c6a;On-time and great deal;2023-05-02;5;;GB;Neutral;Neutral;Neutral;Positive
6482e98d706f837cb1fb0f08;0.0;0.0;0.0;0.0;0.25829431414604187;0.4512723982334137;0.2904333174228668;6482e98d706f837cb1fb0f08;Reasonable price and excellent service;2023-04-30;5;;IE;Neutral;Neutral;Neutral;Positive
645de01107a8b3cc97f0ae69;0.052;0.92;0.028;-0.2294;0.31741371750831604;0.4227702021598816;0.25981613993644714;645de01107a8b3cc97f0ae69;Air purifier 10050053 - product worth recommendation;2023-04-29;4;Quick checkout. Bought air purifier 10050053 works proper - used to desinfect the interior of some cars because the cabin air filter change didn't help much. After the deodorisation (~30 min.) the unpleasant smell shortly after after turning on the AC is finally gone! Only drawback is the full user manual non included in the package but downloadable form the shop manual QR-code or link...but I'm an old school guy who prefers the printed ones.A product worth recommendation after all!;PL;Neutral;Negative;Positive;Positive
645de01107a8b3cc97f0ae69;0.052;0.92;0.028;-0.2294;0.31741371750831604;0.4227702021598816;0.25981613993644714;645de01107a8b3cc97f0ae69;Air purifier 10050053 - product worth recommendation;2023-04-29;4;Quick checkout. Bought air purifier 10050053 works proper - used to desinfect the interior of some cars because the cabin air filter change didn't help much. After the deodorisation (~30 min.) the unpleasant smell shortly after after turning on the AC is finally gone! Only drawback is the full user manual non included in the package but downloadable form the shop manual QR-code or link...but I'm an old school guy who prefers the printed ones.A product worth recommendation after all!;PL;Neutral;Negative;Positive;Positive
644d83f57a75c504401e81d1;0.0;0.481;0.519;0.6597;0.012032506987452507;0.16440428793430328;0.8235632181167603;644d83f57a75c504401e81d1;Delivered at my garden;2023-04-28;5;My good was delivered faster than promised.;DK;Positive;Positive;Positive;Positive
6599746361b6c9ff43e5869b;0.235;0.765;0.0;-0.9692;0.9698595404624939;0.026547925546765327;0.003592520486563444;6599746361b6c9ff43e5869b;I‚Äôm very disappointed over this‚Ä¶;2023-04-25;1;I‚Äôm very disappointed over this company, and the wrong doing of them!1. April 2022 at 12:45 didI received a email about a refund, and there was a code, that I should‚Äôve be able access but yet it didn‚Äôt work.I have tried contacting them over every possible way, no response and not!!If I was you do not buy from expondo!I have lost 577,34 pounds because they can‚Äôt afford to give it back to me.I‚Äôm disappointed and very furious over this situation!!!!!!!;DK;Negative;Negative;Negative;Negative
644a587b33003c98cd0093b2;0.0;0.734;0.266;0.4404;0.003540866309776902;0.07585079967975616;0.9206083416938782;644a587b33003c98cd0093b2;Everything worked as expected;2023-04-25;5;Everything worked as expected, good information during the transportation.;SE;Positive;Positive;Positive;Positive
644909b38cac1bd5b9da222d;0.0;0.636;0.364;0.9632;0.0013254707446321845;0.008247757330536842;0.990426778793335;644909b38cac1bd5b9da222d;Super desk!;2023-04-25;5;The lieferung was within the given timeframe and it was really easy.The package arrived in perfect condition and it was super easy to build.I bought an electric desk and it is an amazing item ! very happy with it!;GB;Positive;Positive;Positive;Positive
6442c44411788b234aaf57f4;0.189;0.711;0.1;-0.7889;0.9607140421867371;0.03362010046839714;0.005665818229317665;6442c44411788b234aaf57f4;Worst place ever;2023-04-21;2;Worst place everWebsite is awful can't even see where to make account and when you order without one the team can't even help you with it.Avoid this place at all cost.Had to wait days to get response which was that they can't help it fck these people never doing anything with them ever again.Thanks for nothing.Also additional details i had no clue where the parts missing and also the inner pot came damaged so yeah great place to buy stuff definitely not.;FI;Negative;Negative;Negative;Negative
644534be23bc64e7699699c5;0.0;0.844;0.156;0.7568;0.003249464090913534;0.0350242480635643;0.9617263674736023;644534be23bc64e7699699c5;Very fast delivery and a reliable‚Ä¶;2023-04-20;5;Very fast delivery and a reliable tracking service made it easy to track my parcel every step of the way all the way to the UK!! Delivered using Fed Ex/ UPS - reputable couriers representing a reputable company. Faultless service;GB;Positive;Positive;Positive;Positive
648eb824706f837cb100ffbf;0.0;0.0;0.0;0.0;0.25829431414604187;0.4512723982334137;0.2904333174228668;648eb824706f837cb100ffbf;Everything OK.;2023-04-17;5;;CZ;Neutral;Neutral;Neutral;Positive
64392ffb0e3b7ab67a5ec79f;0.0;0.344;0.656;0.9359;0.001934374449774623;0.021057114005088806;0.9770085215568542;64392ffb0e3b7ab67a5ec79f;Fast and good service to a really good‚Ä¶;2023-04-14;5;Fast and good service to a really good quality, pleasant prices as well. NICE!;SE;Positive;Positive;Positive;Positive
6437c4376173dde0f3481f43;0.0;0.734;0.266;0.4404;0.0023353095166385174;0.06459853053092957;0.9330661296844482;6437c4376173dde0f3481f43;Packet deliveried very fast and it was‚Ä¶;2023-04-12;5;Packet deliveried very fast and it was good condition;FI;Positive;Positive;Positive;Positive
6436c3e4f3b92420f97e18af;0.0;0.6;0.4;0.6115;0.001398153486661613;0.014022410847246647;0.9845794439315796;6436c3e4f3b92420f97e18af;Very happy with there products and‚Ä¶;2023-04-12;5;Very happy with there products and deliveryüëç;GB;Positive;Positive;Positive;Positive
6434f7fd22a3959e9d09b574;0.0;0.735;0.265;0.3671;0.0013804789632558823;0.017859242856502533;0.9807602167129517;6434f7fd22a3959e9d09b574;Thrustful delivererer;2023-04-11;5;The product arrived almost in time. Thank You!;FI;Positive;Positive;Neutral;Positive
643eb39e86d4069d6608e2ff;0.0;0.0;0.0;0.0;0.25829431414604187;0.4512723982334137;0.2904333174228668;643eb39e86d4069d6608e2ff;top nice and quick delivery;2023-04-10;5;;DK;Neutral;Neutral;Neutral;Positive
64347aa0fcfdd54f01af216a;0.078;0.81;0.111;0.129;0.9221727252006531;0.07132583111524582;0.006501482333987951;64347aa0fcfdd54f01af216a;Return issues;2023-04-10;1;What was wrong?I just want to return the item as not happy with the product .They told me that someone will contact me in order to collect it but this hadn't happen so far in 2 weeks.It takes too long.I just want my refund as not happy with the product and to be honest I don't know if I will get it back.I can't find any uk contact number only emails.;GB;Negative;Positive;Negative;Negative
6437c2d14583df412d44dd41;0.117;0.727;0.156;0.3863;0.14853821694850922;0.3539324402809143;0.4975293278694153;6437c2d14583df412d44dd41;In the low-price-segment good quality;2023-04-05;5;In many situations of everyday life you need tools that are only used occasionally and that are not exposed to extreme continuous stress. in these cases, expensive branded products are a pointless waste of money. expondo. com precisely fulfills its purpose  in this area: good quality, low prices. the processing from order to delivery runs perfectly.;DE;Positive;Positive;Positive;Positive
6437c2d14583df412d44dd41;0.117;0.727;0.156;0.3863;0.14853821694850922;0.3539324402809143;0.4975293278694153;6437c2d14583df412d44dd41;In the low-price-segment good quality;2023-04-05;5;In many situations of everyday life you need tools that are only used occasionally and that are not exposed to extreme continuous stress. in these cases, expensive branded products are a pointless waste of money. expondo. com precisely fulfills its purpose  in this area: good quality, low prices. the processing from order to delivery runs perfectly.;DE;Positive;Positive;Positive;Positive
642dbacb94d3dc1f0a69eaeb;0.0;0.631;0.369;0.6249;0.004271698649972677;0.05331720784306526;0.9424110651016235;642dbacb94d3dc1f0a69eaeb;Great service and tracking always up to‚Ä¶;2023-04-04;5;Great service and tracking always up to date.;GB;Positive;Positive;Positive;Positive
646d169db16abf3debfd3de1;0.0;1.0;0.0;0.0;0.060972027480602264;0.8509839177131653;0.08804412186145782;646d169db16abf3debfd3de1;‚≠êÔ∏è‚≠êÔ∏è‚≠êÔ∏è‚≠êÔ∏è‚≠êÔ∏è;2023-04-01;5;‚≠êÔ∏è‚≠êÔ∏è‚≠êÔ∏è‚≠êÔ∏è‚≠êÔ∏èbit.ly/ 425jhTA;SE;Neutral;Neutral;Neutral;Positive
6427c44e1729803ca5c3cd7c;0.0;0.667;0.333;0.3612;0.09391473978757858;0.7185745239257812;0.18751071393489838;6427c44e1729803ca5c3cd7c;Sehr gut;2023-04-01;5;Sehr gut. Product was as promised;FI;Neutral;Positive;Neutral;Positive
646d2d2c617c17ba473abb7c;0.085;0.856;0.059;-0.3511;0.8082824349403381;0.17644408345222473;0.015273503959178925;646d2d2c617c17ba473abb7c;I ordered a steam cleaner that cost‚Ä¶;2023-03-30;1;I ordered a steam cleaner that cost ¬£249 or around that price An when I eventually got it It was missing the lid were u fill it with water I emailed the company about this an never got a reply Also the same steam cleaner was on other company sites selling for half the price I paid I WOULDN'T RECOMMEND EXPANDO;GB;Negative;Negative;Negative;Negative
6426f4d6d30100719968da89;0.0;0.794;0.206;0.7351;0.2087966501712799;0.28814077377319336;0.5030626058578491;6426f4d6d30100719968da89;Ive not used the item yet but the price‚Ä¶;2023-03-30;5;Ive not used the item yet but the price was amazing. It was your delivery service that let you down a little;GB;Positive;Positive;Positive;Positive
6424c3da438849e59b9489d1;0.0;0.303;0.697;0.784;0.0019856789149343967;0.014563570730388165;0.9834507703781128;6424c3da438849e59b9489d1;Exceeded expectations;2023-03-28;5;Great product, fast delivery. I recommend!;SE;Positive;Positive;Positive;Positive
64208a8c2fd18660c1f3062c;0.146;0.805;0.049;-0.8475;0.968903660774231;0.02747860923409462;0.003617777256295085;64208a8c2fd18660c1f3062c;Worse customer service from some stupid‚Ä¶;2023-03-26;1;Worse customer service from some stupid lady names Patrice. Delivery is delayed when their website specifically said 6-10 days. It‚Äôs been 15 days or more now and I still haven‚Äôt received my order. I asked them to contact their delivery company and they can‚Äôt get an answer. After a while I asked for a refund because clearly I need the machine for my business. This lady keeps refusing and making me wait for something that‚Äôs not coming. She said it will come but she can‚Äôt tell me when. Ridiculous! AVOID DONT BUY FROM HERE! It‚Äôs like scamming money.;GB;Negative;Negative;Negative;Negative
641f56790bdf031b81cf4fda;0.0;0.0;0.0;0.0;0.25829431414604187;0.4512723982334137;0.2904333174228668;641f56790bdf031b81cf4fda;High quality and fast delivery.;2023-03-24;4;;SE;Neutral;Neutral;Neutral;Positive
642839000692977d7e0e210c;0.0;0.627;0.373;0.9676;0.002905642380937934;0.008737201802432537;0.9883571267127991;642839000692977d7e0e210c;I an really happy with their support;2023-03-22;5;I an really happy with their support. The post office sent back my package, I didn‚Äôt pick it up on time because of vacation.The support at Expondo did a perfect job to have it sent back to be again.Super kind and very supportive!!!! Thanks!!!;SE;Positive;Positive;Positive;Positive
641aca083a9ba99919e51e38;0.037;0.911;0.052;0.363;0.688084602355957;0.2546839416027069;0.05723145976662636;641aca083a9ba99919e51e38;be careful when buying thing from Expondo, do not be stupid;2023-03-21;1;I live in Helsinki - Finland, and bought a multicooker from Expondo because their advertising is so good. The machine arrived later than I thought, and it arrived when I was not home ( away for a month for private mater), and when I was back, check on the machine, it was not working properly (some buttons of the machine don't work). I contacted customer service and their answer was:  send the machine to them, and they will have a free fix for me ( yes, they have to fix it because they sent me the machine which cannot use). I sent it to their address, and it took 21 days to arrive at their address. Expondo will take some time to fix and send back to me later (approximately another 21 days to ship and some more days to fix).Conclusion: after more than 3 months of paying full money, I don't have the machine to use, and I don't know how long Expondo will take to fix the machine. The way customer service responds like I have to take it because that's the way it is. I feel so stupid to buy things from Expondo.If I would go to the electrical shop nearby ( for example Giganti), I would have a proper machine to use, and in case of the machine doesn't work properly, Giganti always changes the new one immediately.Do not buy anything from Expondo if you are not stupid.;FI;Negative;Positive;Positive;Negative
641b8a1d34472317acd183c0;0.0;0.467;0.533;0.6908;0.003892026375979185;0.04827556014060974;0.9478324055671692;641b8a1d34472317acd183c0;Good price;2023-03-21;5;Good price, nice quality and fast delivery.;SE;Positive;Positive;Positive;Positive
6419966653e75045b935ea28;0.0;0.785;0.215;0.7639;0.002297177677974105;0.019850892946124077;0.9778518676757812;6419966653e75045b935ea28;We love Expondo ( :;2023-03-20;5;I can only give Expondo our fullest recommendations. Very well priced, products as you'd expect and super fast shipping to Denmark. We will be back for more!;DK;Positive;Positive;Positive;Positive
648e0cbb706f837cb100d779;0.0;0.0;0.0;0.0;0.25829431414604187;0.4512723982334137;0.2904333174228668;648e0cbb706f837cb100d779;Fast and easy to get;2023-03-19;5;;TR;Neutral;Neutral;Neutral;Positive
6414ab3227a69e3135e13094;0.0;0.368;0.632;0.8225;0.003540011355653405;0.08802776783704758;0.9084321856498718;6414ab3227a69e3135e13094;Trusted sources website;2023-03-17;5;Trusted sources website. Clear choice and good quality.;NO;Positive;Positive;Positive;Positive
64198750bf4ebbc4538444b4;0.154;0.686;0.16;0.0258;0.004902758169919252;0.1304863840341568;0.8646109104156494;64198750bf4ebbc4538444b4;Fast ergonomik and modern igbt welding;2023-03-16;5;Fast ergonomik and modern igbt welding. Can work nice and with home 3 kw,without problem;SE;Positive;Neutral;Positive;Positive
6414622db194fef23b436edf;0.0;0.795;0.205;0.4754;0.0018421908607706428;0.02459649182856083;0.9735612869262695;6414622db194fef23b436edf;Best;2023-03-16;5;I am very satisfied, all was done in right way (communication, quick delivery, ...).;GB;Positive;Positive;Positive;Positive
6412032ec8ea7d13a19fbb87;0.0;0.152;0.848;0.9041;0.002497928449884057;0.021088147535920143;0.976413905620575;6412032ec8ea7d13a19fbb87;Great products,great price;2023-03-15;5;Great products,great price, great support!;AT;Positive;Positive;Positive;Positive
64914fa3706f837cb10248e5;0.0;0.682;0.318;0.4215;0.003223111853003502;0.03897006809711456;0.9578068256378174;64914fa3706f837cb10248e5;100% satisfied;2023-03-14;5;100% satisfied, delivery time, product quality 10/10;SK;Positive;Positive;Positive;Positive
6412c8b2abe04bb8bcfaa6e2;0.0;0.379;0.621;0.8481;0.0031369607895612717;0.03207606077194214;0.9647870063781738;6412c8b2abe04bb8bcfaa6e2;Great prices;2023-03-13;5;Great prices. Great quality items. Fast delivery.;IE;Positive;Positive;Positive;Positive
64114ef4c9bf638e7b498fb2;0.218;0.594;0.188;-0.0772;0.006584320683032274;0.23535239696502686;0.7580632567405701;64114ef4c9bf638e7b498fb2;Fast delivery;2023-03-13;5;Fast delivery, no additional costs, straight to door.;FI;Positive;Negative;Positive;Positive
6410266b094d1b1ee33410df;0.0;1.0;0.0;0.0;0.004295111168175936;0.08108381927013397;0.9146210551261902;6410266b094d1b1ee33410df;varerne kom til tiden og jeg er tilfreds;2023-03-13;4;The goods came on time and was what I wanted and ordered;DK;Positive;Neutral;Neutral;Positive
640b68edc5bc56422ff365a0;0.0;0.0;0.0;0.0;0.25829431414604187;0.4512723982334137;0.2904333174228668;640b68edc5bc56422ff365a0;Good service!;2023-03-10;5;;FI;Neutral;Neutral;Neutral;Positive
640a0b3a20e2ef00459eec78;0.0;0.0;0.0;0.0;0.25829431414604187;0.4512723982334137;0.2904333174228668;640a0b3a20e2ef00459eec78;***** ***** ***** ***** *****;2023-03-09;5;;GB;Neutral;Neutral;Neutral;Positive
6409827ce21c8b3cf0214cb2;0.0;0.0;0.0;0.0;0.25829431414604187;0.4512723982334137;0.2904333174228668;6409827ce21c8b3cf0214cb2;all are ok, product good;2023-03-09;5;;SK;Neutral;Neutral;Neutral;Positive
6408e5ba95ebc65a1ca5540a;0.0;0.504;0.496;0.7096;0.0018253941088914871;0.01832844316959381;0.979846179485321;6408e5ba95ebc65a1ca5540a;Good product;2023-03-08;5;Good product, quick delivery and excelent price :);CZ;Positive;Positive;Positive;Positive
640778683da9d44c460bf0c5;0.0;0.0;0.0;0.0;0.25829431414604187;0.4512723982334137;0.2904333174228668;640778683da9d44c460bf0c5;Great stuf and fast delivery.;2023-03-07;4;;SE;Neutral;Neutral;Neutral;Positive
6407840c5fc9387d1fa690d0;0.0;0.0;0.0;0.0;0.25829431414604187;0.4512723982334137;0.2904333174228668;6407840c5fc9387d1fa690d0;Really fast delivery and guality is üëå;2023-03-07;5;;FI;Neutral;Neutral;Neutral;Positive
640978b8f4446df5d83220d2;0.0;0.339;0.661;0.5994;0.015259300358593464;0.2464228719472885;0.7383177876472473;640978b8f4446df5d83220d2;Super;2023-03-07;5;Super.  Tr√®s content.;BE;Positive;Positive;Positive;Positive
64074457ce171f17469941e5;0.0;0.364;0.636;0.7906;0.0025255645159631968;0.03812265396118164;0.9593517184257507;64074457ce171f17469941e5;Great prices;2023-03-07;5;Great prices, easy ordering & speedy delivery;GB;Positive;Positive;Positive;Positive
64088c1a08ac76015cc215cd;0.0;0.409;0.591;0.6976;0.0018386509036645293;0.024178391322493553;0.9739829301834106;64088c1a08ac76015cc215cd;Very Good;2023-03-06;5;Very Good, fair and quick eshop;SK;Positive;Positive;Positive;Positive
6401d65794db100f36d7f985;0.0;1.0;0.0;0.0;0.0038276612758636475;0.07696740329265594;0.9192048907279968;6401d65794db100f36d7f985;Qwick delivery!;2023-03-03;5;Qwick delivery!Good price.;SE;Positive;Neutral;Neutral;Positive
640791105b27cd2d5d930a51;0.0;0.734;0.266;0.7831;0.002249414101243019;0.017300566658377647;0.9804500341415405;640791105b27cd2d5d930a51;Great quality and fast delivery!;2023-03-02;5;Great quality, fast shipping, professional equipment for 1/3 of the price. I am really surprised by gymrex and expondo quality! Hidden Gem!;NL;Positive;Positive;Positive;Positive
64411bee578687ee8cbc357d;0.453;0.547;0.0;-0.8159;0.9818915724754333;0.015914274379611015;0.0021941664163023233;64411bee578687ee8cbc357d;The product‚Äô i buied is very very bad‚Ä¶;2023-03-02;1;The product‚Äô i buied is very very bad quality i am really disappointed;FR;Negative;Negative;Negative;Negative
63ffd637fb601178b29402b3;0.0;0.0;0.0;0.0;0.25829431414604187;0.4512723982334137;0.2904333174228668;63ffd637fb601178b29402b3;It was a perfect service from Tena Srdelic , it's really so much good to have a service from the good and right person that can make everything easy and quick.;2023-03-02;5;;FI;Neutral;Neutral;Neutral;Positive
63ff7205da67d85d5b0c8cb7;0.0;0.756;0.244;0.729;0.0015242908848449588;0.020804133266210556;0.9776715636253357;63ff7205da67d85d5b0c8cb7;The order process went smooth;2023-02-27;5;The order process went smooth: order confirmation was OK and delivery by GLS was quick - so keep up the good work !;DK;Positive;Positive;Positive;Positive
63f86d2cb44ecdb678de9ada;0.0;0.0;0.0;0.0;0.25829431414604187;0.4512723982334137;0.2904333174228668;63f86d2cb44ecdb678de9ada;I'm so happy and thankful;2023-02-24;5;;PT;Neutral;Neutral;Neutral;Positive
63f861d99b64b1bdaf612a7b;0.0;0.516;0.484;0.9333;0.0014335031155496836;0.017921235412359238;0.9806452393531799;63f861d99b64b1bdaf612a7b;Received the gold Bari 1200 hand dryer;2023-02-24;5;Received the gold Bari 1200 hand dryer. Beautiful product at the best price. Delivery was extremely quick.would definately recommend.;IE;Positive;Positive;Positive;Positive
63fa0bd6b44ecdb678dfc5a4;0.125;0.725;0.15;0.1265;0.007969614118337631;0.05863921344280243;0.9333912134170532;63fa0bd6b44ecdb678dfc5a4;12 points out of a possible 10;2023-02-23;5;12 points out of a possible 10, good price, fast handling and fast delivery couldn't be better.;SE;Positive;Positive;Positive;Positive
63f7cad7e0c32acd3c049de3;0.0;0.506;0.494;0.8316;0.0015143417986109853;0.022176234051585197;0.9763094782829285;63f7cad7e0c32acd3c049de3;Superb quality and excellent service;2023-02-23;5;Superb quality and excellent serviceProfessional in all aspectsThank youRegardsG.RudolphRUDOLPH FOOD;GB;Positive;Positive;Positive;Positive
63f643439b64b1bdaf5f826c;0.0;0.676;0.324;0.6908;0.0012729313457384706;0.025219526141881943;0.9735075235366821;63f643439b64b1bdaf5f826c;Fair price;2023-02-21;5;Fair price, fast delivery and the item works well I¬¥ll buy more from this site for sure.;SE;Positive;Positive;Positive;Positive
63f60f939b64b1bdaf5f3ab6;0.0;0.701;0.299;0.6441;0.0022592078894376755;0.007323869504034519;0.9904170036315918;63f60f939b64b1bdaf5f3ab6;I am more satisfied with this product‚Ä¶;2023-02-21;5;I am more satisfied with this product than I expected.Thank you for all!!!!!!üëçüëçüëçüëçüëçüëçüëçüëçüëçüëçüëçüëçüëç;SE;Positive;Positive;Positive;Positive
63f47cd66f3134764b6f9b50;0.0;0.492;0.508;0.4753;0.002412758767604828;0.03670455515384674;0.9608827233314514;63f47cd66f3134764b6f9b50;Fast delivery;2023-02-20;5;Fast delivery, nice prices!;SE;Positive;Positive;Positive;Positive
63f78cadb44ecdb678de0c1e;0.0;0.743;0.257;0.7089;0.002436702838167548;0.0340183824300766;0.9635449647903442;63f78cadb44ecdb678de0c1e;Very good seller.;2023-02-20;5;Very good seller.Easy ordering and payment systemFast deliveryItem according to descriptionHigh customer orientation - answered a request efficiently and very quickly;PT;Positive;Positive;Positive;Positive
63fce1fed143b326fe40e761;0.0;0.755;0.245;0.9478;0.016857657581567764;0.07979029417037964;0.9033520817756653;63fce1fed143b326fe40e761;Excellent customer service;2023-02-20;5;I placed an order and a couple of hours later I realized that I wrongly did so. After writing to the customer support I got an answer right away telling me that the support team is doing what they can to help me with my inquiry. All the messages have been extremely helpful and friendly, and I can't say anything bad about the experience with Expondo.;GB;Positive;Positive;Negative;Positive
63f665509b64b1bdaf5fb203;0.0;1.0;0.0;0.0;0.010299783200025558;0.6444846987724304;0.3452155292034149;63f665509b64b1bdaf5fb203;Fast shipping;2023-02-19;5;Fast shipping. Confirmation of my actual order with info were it's located.;SE;Neutral;Neutral;Positive;Positive
63ed6be5745e480021a6a2aa;0.0;0.406;0.594;0.9216;0.0020496416836977005;0.013891502283513546;0.9840588569641113;63ed6be5745e480021a6a2aa;Lovely honest website;2023-02-15;5;Lovely honest website, very easy to navigate.  You also had some good offers.;GB;Positive;Positive;Positive;Positive
63ea3333745e480021a3910c;0.137;0.683;0.18;0.1779;0.009931059554219246;0.11832684278488159;0.8717420101165771;63ea3333745e480021a3910c;No problems at all;2023-02-12;5;Easy ordering. Delivery with no problems.Easy assembly of product. Product exactly as expected.;DK;Positive;Positive;Positive;Positive
63e78d569b64b1bdaf540f49;0.0;0.654;0.346;0.5719;0.002111076842993498;0.024576779454946518;0.9733121991157532;63e78d569b64b1bdaf540f49;Product delivered as shown on website;2023-02-10;5;Product delivered as shown on website, excellent service üòä;IE;Positive;Positive;Positive;Positive
63e380e29b64b1bdaf508e48;0.175;0.754;0.071;-0.9549;0.9659319519996643;0.02972213178873062;0.004345868714153767;63e380e29b64b1bdaf508e48;TERRIBLE CUSTOMER SERVICE IN THE UK;2023-02-08;1;TERRIBLE CUSTOMER SERVICE IN THE UK. I purchased a dehydrator which stopped working for some unknown reason (not a problem this happens). The machine was in warranty. They bounced me around for nearly a month and then started to ask what the fault of the machine is again. I responded to their returns team saying you already know the fault please just come and collect it and they were very rude and passive aggressive towards me. Having a joke and a laugh at my expense. I would assume that they do not stick by the terms of their warranty as I still have not had my machine picked up and my only communication from Expondu is someone being really rude to me ü§∑‚Äç‚ôÇÔ∏è. Extremely bad service. I purchase a lot of equipment for my restaurant and will not be doing it from Expodu again after this. Can only suggest to avoid if you like dealing with professionals- these guys are terrible.;GB;Negative;Negative;Negative;Negative
63e39b62745e4800219e7c80;0.0;0.0;0.0;0.0;0.25829431414604187;0.4512723982334137;0.2904333174228668;63e39b62745e4800219e7c80;Professional attitude services;2023-02-07;5;;FR;Neutral;Neutral;Neutral;Positive
63df9da2745e4800219b56cf;0.0;0.0;0.0;0.0;0.25829431414604187;0.4512723982334137;0.2904333174228668;63df9da2745e4800219b56cf;Good service;2023-02-02;5;;FR;Neutral;Neutral;Neutral;Positive
63deaebc9b64b1bdaf4d247f;0.0;0.58;0.42;0.4404;0.003984854090958834;0.09863973408937454;0.8973754048347473;63deaebc9b64b1bdaf4d247f;Easy to order;2023-02-02;5;Easy to order, fast delivery.;FI;Positive;Positive;Positive;Positive
63e4842e745e4800219f3e26;0.0;0.392;0.608;0.7351;0.003174112644046545;0.08130423724651337;0.9155216217041016;63e4842e745e4800219f3e26;üëçOk;2023-02-01;4;.Easy to order, fast free delivery.;FI;Positive;Positive;Positive;Positive
63da98739b64b1bdaf49c53c;0.0;0.0;0.0;0.0;0.25829431414604187;0.4512723982334137;0.2904333174228668;63da98739b64b1bdaf49c53c;Very good quality and fast delivery;2023-02-01;5;;IE;Neutral;Neutral;Neutral;Positive
63d9f4394b01fb3f549308c5;0.0;0.0;0.0;0.0;0.25829431414604187;0.4512723982334137;0.2904333174228668;63d9f4394b01fb3f549308c5;Very good shipping;2023-01-31;5;;FI;Neutral;Neutral;Neutral;Positive
63da062a4b01fb3f54930e72;0.0;0.514;0.486;0.8176;0.004555683117359877;0.04140454903244972;0.9540397524833679;63da062a4b01fb3f54930e72;A lot to choose;2023-01-31;5;A lot to choose, Nice products fast sending and a good service. Nice shop..;NL;Positive;Positive;Positive;Positive
63dadf994b01fb3f54940ca2;0.0;0.565;0.435;0.6597;0.0035507541615515947;0.03603966906666756;0.9604095816612244;63dadf994b01fb3f54940ca2;Excellent Service;2023-01-31;5;Excellent service and 10 % cheaper than Amazon. Faster delivery.;GB;Positive;Positive;Positive;Positive
63da66b84b01fb3f54937309;0.0;0.529;0.471;0.8354;0.0013162418035790324;0.012718720361590385;0.9859650135040283;63da66b84b01fb3f54937309;Everything was ok;2023-01-31;5;Everything was ok, the chair is very comfortable - I am really satisfied with it.;CZ;Positive;Positive;Positive;Positive
63dbaa469b64b1bdaf4a986f;0.0;0.38;0.62;0.9193;0.002369418740272522;0.013043043203651905;0.984587550163269;63dbaa469b64b1bdaf4a986f;product is very good;2023-01-30;5;product is very good, customer support is excellent and delivery time good;SE;Positive;Positive;Positive;Positive
63e60d67745e480021a09490;0.0;0.0;0.0;0.0;0.25829431414604187;0.4512723982334137;0.2904333174228668;63e60d67745e480021a09490;Great product and service;2023-01-27;5;;IE;Neutral;Neutral;Neutral;Positive
63db890b4b01fb3f54945f0d;0.053;0.838;0.109;0.4404;0.018424712121486664;0.06890920549631119;0.9126660823822021;63db890b4b01fb3f54945f0d;Good range, well described, good products and delivery;2023-01-25;4;The website is good, as is the range and prices.When I finally got to place an order, the dispatch, tracking and delivery were fine.The product itself and manual are excellent.The support for queries cost that last star. Possibly a language problem as neither agent was a native English speaker.;GB;Positive;Positive;Positive;Positive
63d161554b01fb3f548cc54f;0.0;1.0;0.0;0.0;0.1594567745923996;0.7205602526664734;0.11998293548822403;63d161554b01fb3f548cc54f;Parfait;2023-01-24;5;Parfait, rapide et de qualit√©;FR;Neutral;Neutral;Neutral;Positive
63d3794a9b64b1bdaf44633d;0.0;0.0;0.0;0.0;0.25829431414604187;0.4512723982334137;0.2904333174228668;63d3794a9b64b1bdaf44633d;Good price and quick delivery;2023-01-23;5;;SE;Neutral;Neutral;Neutral;Positive
63da16049b64b1bdaf4924a4;0.0;0.58;0.42;0.4404;0.004926435183733702;0.089814193546772;0.9052594304084778;63da16049b64b1bdaf4924a4;Fast delivery;2023-01-23;5;Fast delivery, and good product.;SE;Positive;Positive;Positive;Positive
63c970ac4b01fb3f5486f475;0.03;0.838;0.132;0.9645;0.026087120175361633;0.09416113793849945;0.8797517418861389;63c970ac4b01fb3f5486f475;Outstanding experience so far;2023-01-19;5;Outstanding experience so far. I‚Äôm not sure why this company has gotten so many negative reviews, I have found them to be fantastic. After buying a hot tub off them 12 months ago, there was a slight tear in it. I contacted their support, they replied the same day and told me they have a lifetime warranty for it and I could send it away to be repaired. They sent someone to pick it up from my house and all, all that had to be done was box it up. After this, they discovered the hole could not be repaired and offered a brand new hot tub which we accepted. I now have tracking details for the new hot tub which is in transit on its way to us. I will update this review when I have received the replacement. Their customer service has been impeccable, very quick and extremely helpful. I have mainly dealt with chrissie woods. I was also impressed with how willing they were to fulfil their side of the agreement for the warranty. UPDATE: got the new replacement hot tub and it was perfect!!;IE;Positive;Positive;Positive;Positive
641f5cf28ed8c2a1ed966205;0.053;0.725;0.222;0.8271;0.18222765624523163;0.3644925057888031;0.45327985286712646;641f5cf28ed8c2a1ed966205;Tried to repair airmat at no cost;2023-01-12;5;I bought an airmat that after 30days it was leaking air. Expondo staff took care of trying to fix the leak and when it was not possible, they replaced the airmat without cost for me. Excellent customer care;BE;Positive;Positive;Positive;Positive
63c133054d0773066a36b417;0.267;0.653;0.08;-0.7429;0.9494804739952087;0.045807018876075745;0.004712587222456932;63c133054d0773066a36b417;Don't believe their guarantee - SCAM;2023-01-12;1;Don't believe their guarantee! You will never be able to claim it. They will STALL you for ever and never fix the problem.This is definitely a SCAM.;BE;Negative;Negative;Positive;Negative
63bffafc4d0773066a35ac93;0.0;0.0;0.0;0.0;0.25829431414604187;0.4512723982334137;0.2904333174228668;63bffafc4d0773066a35ac93;Just very fast and very good!;2023-01-11;5;;NL;Neutral;Neutral;Neutral;Positive
63d27ed89b64b1bdaf43a857;0.134;0.745;0.12;-0.1594;0.06530643999576569;0.16822147369384766;0.7664721012115479;63d27ed89b64b1bdaf43a857;Excelent product and customer service;2023-01-07;5;Used expondo.ie for the first time to purchase a digital weighing scales.For a refurbshed product it still looked like new and was very high quality.A true test of a company is when things go wrong. In this case there were mounting clips missing from the package. Customer service remedied this matter immediately and sent out replacements.  Then through no fault of expondo, the package was delivered to the wrong building.  Customer service were again very good. They promptly provided proof of delivery which helped me track down the missing package.  Very happy with the product and after sales customer service;IE;Positive;Negative;Positive;Positive
63b48dfd4d0773066a2cfaa6;0.0;0.0;0.0;0.0;0.25829431414604187;0.4512723982334137;0.2904333174228668;63b48dfd4d0773066a2cfaa6;Very good service;2023-01-02;5;;PL;Neutral;Neutral;Neutral;Positive
63aadb294d0773066a261e31;0.345;0.282;0.373;0.101;0.0030439337715506554;0.03781707584857941;0.9591389298439026;63aadb294d0773066a261e31;No problems;2022-12-26;5;No problems. Good communication.Warranty works also very well.;NL;Positive;Positive;Positive;Positive
63dadccc4b01fb3f54940a6f;0.406;0.594;0.0;-0.9471;0.9595784544944763;0.035975292325019836;0.004446218255907297;63dadccc4b01fb3f54940a6f;Bad online shop and poor service! !!;2022-12-22;1;Unfortunately  this is very bad online shop which sale low quality product plus worst post sale service! Stay away!!!All accurate , so no need contact me to remove this review!;GB;Negative;Negative;Negative;Negative
63de8df89b64b1bdaf4d0501;0.032;0.867;0.101;0.5849;0.033609069883823395;0.19341051578521729;0.7729804515838623;63de8df89b64b1bdaf4d0501;Vegetable cutter;2022-12-22;5;I gave it 5 stars for its ease of use, though I did bend the centre blade the first time I used it, so I swapped it with one from the outside, If you want a new  blade it will cost over ¬£70 for the complete blade holder, apart from that its very easy to use and saves you a lot of time, it's a pity that you cannot buy induvial blades;GB;Positive;Positive;Positive;Positive
63a4f5af4d0773066a22bf7b;0.0;0.757;0.243;0.8514;0.001263706712052226;0.007596502546221018;0.991139829158783;63a4f5af4d0773066a22bf7b;Very Happy Customer;2022-12-21;5;The item was purchased as a second and arrived a couple of days early. It looks and functions like it was brand new. I am really happy with my purchase and I highly recommend this company;IE;Positive;Positive;Positive;Positive
63a1f2012338b6d417a1f9d1;0.0;0.759;0.241;0.2263;0.008298899047076702;0.5764922499656677;0.4152088165283203;63a1f2012338b6d417a1f9d1;okay;2022-12-19;5;okay an will be a partner fore my;DK;Neutral;Positive;Positive;Positive
63a1e30a2338b6d417a1e416;0.167;0.679;0.154;-0.0516;0.9367707967758179;0.06068222224712372;0.002547045238316059;63a1e30a2338b6d417a1e416;Due to their fault;2022-12-19;1;Due to their fault, I do not receive the product in the promised time.;NL;Negative;Negative;Negative;Negative
63a021782338b6d417a02109;0.0;0.633;0.367;0.4404;0.0060431635938584805;0.07735127955675125;0.916605532169342;63a021782338b6d417a02109;Good customers service and smooth‚Ä¶;2022-12-18;5;Good customers service and smooth delivery.;DK;Positive;Positive;Positive;Positive
639dfee9eb0ad848990e796e;0.0;0.589;0.411;0.54;0.0019889287650585175;0.03244102746248245;0.9655700325965881;639dfee9eb0ad848990e796e;Perfect;2022-12-16;5;It is in very good quality!;NL;Positive;Positive;Positive;Positive
639d7dedeb0ad848990dfb29;0.0;0.408;0.592;0.8271;0.002848278731107712;0.050807904452085495;0.9463437795639038;639d7dedeb0ad848990dfb29;clear and easy purchase;2022-12-14;5;Good discount, clear and user friendly platform, fast delivery;DE;Positive;Positive;Positive;Positive
639d7d5bd075435bd8ded454;0.0;0.622;0.378;0.8442;0.0028010571841150522;0.018716298043727875;0.9784826636314392;639d7d5bd075435bd8ded454;I have bought Christmas gift;2022-12-14;5;I have bought Christmas gift. It was delivered in time, very quickly. Speed, reliability, quality. Perfect service. Thank you.;CZ;Positive;Positive;Positive;Positive
63a8193c2338b6d417a6995c;0.0;1.0;0.0;0.0;0.008240418508648872;0.35070985555648804;0.6410497426986694;63a8193c2338b6d417a6995c;Quick reply to inquiries;2022-12-12;5;Quick reply to inquiries. Fast delivery.;HU;Positive;Neutral;Positive;Positive
63a20c632338b6d417a21d48;0.042;0.746;0.212;0.7731;0.015204454772174358;0.09712028503417969;0.8876752853393555;63a20c632338b6d417a21d48;customer service;2022-12-07;5;this is hard time for all of us. still when i ring to the office every time every time customer service was very helpfull .very kind. many thanks. hossain;GB;Positive;Positive;Positive;Positive
639df97beb0ad848990e73cc;0.043;0.806;0.151;0.7096;0.8458831310272217;0.140066459774971;0.014050361700356007;639df97beb0ad848990e73cc;Shady..;2022-12-04;1;This company promise free delivery in Portugal.. but when you ask for delivery to the island of Madeira , which by law cannot be excempt from free deliveries in Portugal.. this company cancels your order.. if youwrite about this on their facebook , they delete your comments.. they seem shady..;PT;Negative;Positive;Positive;Negative
63c933382338b6d417bec199;0.422;0.578;0.0;-0.6571;0.9770084023475647;0.020544668659567833;0.002446866827085614;63c933382338b6d417bec199;Very-very bad company;2022-12-01;1;Very-very bad company. Do not order anything!!!;HU;Negative;Negative;Negative;Negative
